-- 8 sample genres.
INSERT INTO `Genre` (`genre`) VALUES ('Action');
INSERT INTO `Genre` (`genre`) VALUES ('Drama');
INSERT INTO `Genre` (`genre`) VALUES ('Sci-fi');
INSERT INTO `Genre` (`genre`) VALUES ('Documentary');
INSERT INTO `Genre` (`genre`) VALUES ('Horror');
INSERT INTO `Genre` (`genre`) VALUES ('Adventure');
INSERT INTO `Genre` (`genre`) VALUES ('Thriller');
INSERT INTO `Genre` (`genre`) VALUES ('Comedy');

-- 32 sample movies with a healthy amount of satire.
INSERT INTO `Movie` (`name`, `running_time`, `release_year`, `genre`) VALUES ('Beginning of The End', 39, 2016, 'Action');
INSERT INTO `Movie` (`name`, `running_time`, `release_year`, `genre`) VALUES ('Infiltration: Part II', 28, 2018, 'Action');
INSERT INTO `Movie` (`name`, `running_time`, `release_year`, `genre`) VALUES ('Super Runner', 26, 2016, 'Action');
INSERT INTO `Movie` (`name`, `running_time`, `release_year`, `genre`) VALUES ('Average Joe', 41, 2019, 'Action');
INSERT INTO `Movie` (`name`, `running_time`, `release_year`, `genre`) VALUES ('Silent in The Rain', 43, 2019, 'Drama');
INSERT INTO `Movie` (`name`, `running_time`, `release_year`, `genre`) VALUES ('More Than Loss', 29, 2016, 'Drama');
INSERT INTO `Movie` (`name`, `running_time`, `release_year`, `genre`) VALUES ('Point The Finger', 39, 2016, 'Drama');
INSERT INTO `Movie` (`name`, `running_time`, `release_year`, `genre`) VALUES ('Finding Out', 30, 2015, 'Drama');
INSERT INTO `Movie` (`name`, `running_time`, `release_year`, `genre`) VALUES ('Galaxy Wars', 40, 2018, 'Sci-fi');
INSERT INTO `Movie` (`name`, `running_time`, `release_year`, `genre`) VALUES ('Beyond The Event Horizon', 22, 2019, 'Sci-fi');
INSERT INTO `Movie` (`name`, `running_time`, `release_year`, `genre`) VALUES ('Ludicrous Speed', 38, 2015, 'Sci-fi');
INSERT INTO `Movie` (`name`, `running_time`, `release_year`, `genre`) VALUES ('Departure', 43, 2017, 'Sci-fi');
INSERT INTO `Movie` (`name`, `running_time`, `release_year`, `genre`) VALUES ('The Strange Life of Tasmanians', 42, 2017, 'Documentary');
INSERT INTO `Movie` (`name`, `running_time`, `release_year`, `genre`) VALUES ('How Vaccines Actually Work', 27, 2016, 'Documentary');
INSERT INTO `Movie` (`name`, `running_time`, `release_year`, `genre`) VALUES ('Is Climate Change Real?', 23, 2019, 'Documentary');
INSERT INTO `Movie` (`name`, `running_time`, `release_year`, `genre`) VALUES ('Do Clouds Sleep?', 43, 2017, 'Documentary');
INSERT INTO `Movie` (`name`, `running_time`, `release_year`, `genre`) VALUES ('Be Silent. Be Still.', 24, 2016, 'Horror');
INSERT INTO `Movie` (`name`, `running_time`, `release_year`, `genre`) VALUES ('The Plague Doctor', 35, 2019, 'Horror');
INSERT INTO `Movie` (`name`, `running_time`, `release_year`, `genre`) VALUES ('It Watches', 24, 2019, 'Horror');
INSERT INTO `Movie` (`name`, `running_time`, `release_year`, `genre`) VALUES ('Train to Dandenong', 43, 2015, 'Horror');
INSERT INTO `Movie` (`name`, `running_time`, `release_year`, `genre`) VALUES ('Dropper', 39, 2018, 'Adventure');
INSERT INTO `Movie` (`name`, `running_time`, `release_year`, `genre`) VALUES ('Diversity', 26, 2018, 'Adventure');
INSERT INTO `Movie` (`name`, `running_time`, `release_year`, `genre`) VALUES ('Butterfly-Man', 43, 2015, 'Adventure');
INSERT INTO `Movie` (`name`, `running_time`, `release_year`, `genre`) VALUES ('Bending Over Backwards', 43, 2018, 'Adventure');
INSERT INTO `Movie` (`name`, `running_time`, `release_year`, `genre`) VALUES ('Radical Larry', 20, 2015, 'Thriller');
INSERT INTO `Movie` (`name`, `running_time`, `release_year`, `genre`) VALUES ('Jihn Wock', 23, 2017, 'Thriller');
INSERT INTO `Movie` (`name`, `running_time`, `release_year`, `genre`) VALUES ('Hot Pursuit', 34, 2015, 'Thriller');
INSERT INTO `Movie` (`name`, `running_time`, `release_year`, `genre`) VALUES ('The Silence of The Sheep', 39, 2015, 'Thriller');
INSERT INTO `Movie` (`name`, `running_time`, `release_year`, `genre`) VALUES ('The Zucchini Half-Hour', 30, 2016, 'Comedy');
INSERT INTO `Movie` (`name`, `running_time`, `release_year`, `genre`) VALUES ('Whom', 35, 2016, 'Comedy');
INSERT INTO `Movie` (`name`, `running_time`, `release_year`, `genre`) VALUES ('Story of My Life', 44, 2019, 'Comedy');
INSERT INTO `Movie` (`name`, `running_time`, `release_year`, `genre`) VALUES ('The Cop-Out', 21, 2017, 'Comedy');

-- Screenings will be held across two venues (venue 2 is slightly larger).
INSERT INTO `Venue` (`venue_no`, `no_of_rows`, `no_of_cols`) VALUES (1, 18, 30);
INSERT INTO `Venue` (`venue_no`, `no_of_rows`, `no_of_cols`) VALUES (2, 22, 38);

-- Screenings have a start date of now, an end date of a month from now, calculated relatively such that when this code is executed it is always in the date range.
-- However, `screening_id` needs to be manually set so screening times can be easily set in bulk. By default it is the next available auto-incrementing integer so in any other situation you do not need to set it.
-- If using this insertion statement, the table needs to be completely and utterly empty otherwise it will not work properly.
INSERT INTO `Screening` (`end_date`, `movie_name`, `venue_no`, `screening_id`) VALUES (DATE_ADD(CURRENT_TIMESTAMP, INTERVAL 1 MONTH), 'Beginning of The End', 1, 1);
INSERT INTO `Screening` (`end_date`, `movie_name`, `venue_no`, `screening_id`) VALUES (DATE_ADD(CURRENT_TIMESTAMP, INTERVAL 1 MONTH), 'Infiltration: Part II', 2, 2);
INSERT INTO `Screening` (`end_date`, `movie_name`, `venue_no`, `screening_id`) VALUES (DATE_ADD(CURRENT_TIMESTAMP, INTERVAL 1 MONTH), 'Super Runner', 1, 3);
INSERT INTO `Screening` (`end_date`, `movie_name`, `venue_no`, `screening_id`) VALUES (DATE_ADD(CURRENT_TIMESTAMP, INTERVAL 1 MONTH), 'Average Joe', 2, 4);
INSERT INTO `Screening` (`end_date`, `movie_name`, `venue_no`, `screening_id`) VALUES (DATE_ADD(CURRENT_TIMESTAMP, INTERVAL 1 MONTH), 'Silent in The Rain', 1, 5);
INSERT INTO `Screening` (`end_date`, `movie_name`, `venue_no`, `screening_id`) VALUES (DATE_ADD(CURRENT_TIMESTAMP, INTERVAL 1 MONTH), 'More Than Loss', 2, 6);
INSERT INTO `Screening` (`end_date`, `movie_name`, `venue_no`, `screening_id`) VALUES (DATE_ADD(CURRENT_TIMESTAMP, INTERVAL 1 MONTH), 'Point The Finger', 1, 7);
INSERT INTO `Screening` (`end_date`, `movie_name`, `venue_no`, `screening_id`) VALUES (DATE_ADD(CURRENT_TIMESTAMP, INTERVAL 1 MONTH), 'Finding Out', 2, 8);
INSERT INTO `Screening` (`end_date`, `movie_name`, `venue_no`, `screening_id`) VALUES (DATE_ADD(CURRENT_TIMESTAMP, INTERVAL 1 MONTH), 'Galaxy Wars', 1, 9);
INSERT INTO `Screening` (`end_date`, `movie_name`, `venue_no`, `screening_id`) VALUES (DATE_ADD(CURRENT_TIMESTAMP, INTERVAL 1 MONTH), 'Beyond The Event Horizon', 2, 10);
INSERT INTO `Screening` (`end_date`, `movie_name`, `venue_no`, `screening_id`) VALUES (DATE_ADD(CURRENT_TIMESTAMP, INTERVAL 1 MONTH), 'Ludicrous Speed', 1, 11);
INSERT INTO `Screening` (`end_date`, `movie_name`, `venue_no`, `screening_id`) VALUES (DATE_ADD(CURRENT_TIMESTAMP, INTERVAL 1 MONTH), 'Departure', 2, 12);
INSERT INTO `Screening` (`end_date`, `movie_name`, `venue_no`, `screening_id`) VALUES (DATE_ADD(CURRENT_TIMESTAMP, INTERVAL 1 MONTH), 'The Strange Life of Tasmanians', 1, 13);
INSERT INTO `Screening` (`end_date`, `movie_name`, `venue_no`, `screening_id`) VALUES (DATE_ADD(CURRENT_TIMESTAMP, INTERVAL 1 MONTH), 'How Vaccines Actually Work', 2, 14);
INSERT INTO `Screening` (`end_date`, `movie_name`, `venue_no`, `screening_id`) VALUES (DATE_ADD(CURRENT_TIMESTAMP, INTERVAL 1 MONTH), 'Is Climate Change Real?', 1, 15);
INSERT INTO `Screening` (`end_date`, `movie_name`, `venue_no`, `screening_id`) VALUES (DATE_ADD(CURRENT_TIMESTAMP, INTERVAL 1 MONTH), 'Do Clouds Sleep?', 2, 16);
INSERT INTO `Screening` (`end_date`, `movie_name`, `venue_no`, `screening_id`) VALUES (DATE_ADD(CURRENT_TIMESTAMP, INTERVAL 1 MONTH), 'Be Silent. Be Still.', 1, 17);
INSERT INTO `Screening` (`end_date`, `movie_name`, `venue_no`, `screening_id`) VALUES (DATE_ADD(CURRENT_TIMESTAMP, INTERVAL 1 MONTH), 'The Plague Doctor', 2, 18);
INSERT INTO `Screening` (`end_date`, `movie_name`, `venue_no`, `screening_id`) VALUES (DATE_ADD(CURRENT_TIMESTAMP, INTERVAL 1 MONTH), 'It Watches', 1, 19);
INSERT INTO `Screening` (`end_date`, `movie_name`, `venue_no`, `screening_id`) VALUES (DATE_ADD(CURRENT_TIMESTAMP, INTERVAL 1 MONTH), 'Train to Dandenong', 2, 20);
INSERT INTO `Screening` (`end_date`, `movie_name`, `venue_no`, `screening_id`) VALUES (DATE_ADD(CURRENT_TIMESTAMP, INTERVAL 1 MONTH), 'Dropper', 1, 21);
INSERT INTO `Screening` (`end_date`, `movie_name`, `venue_no`, `screening_id`) VALUES (DATE_ADD(CURRENT_TIMESTAMP, INTERVAL 1 MONTH), 'Diversity', 2, 22);
INSERT INTO `Screening` (`end_date`, `movie_name`, `venue_no`, `screening_id`) VALUES (DATE_ADD(CURRENT_TIMESTAMP, INTERVAL 1 MONTH), 'Butterfly-Man', 1, 23);
INSERT INTO `Screening` (`end_date`, `movie_name`, `venue_no`, `screening_id`) VALUES (DATE_ADD(CURRENT_TIMESTAMP, INTERVAL 1 MONTH), 'Bending Over Backwards', 2, 24);
INSERT INTO `Screening` (`end_date`, `movie_name`, `venue_no`, `screening_id`) VALUES (DATE_ADD(CURRENT_TIMESTAMP, INTERVAL 1 MONTH), 'Radical Larry', 1, 25);
INSERT INTO `Screening` (`end_date`, `movie_name`, `venue_no`, `screening_id`) VALUES (DATE_ADD(CURRENT_TIMESTAMP, INTERVAL 1 MONTH), 'Jihn Wock', 2, 26);
INSERT INTO `Screening` (`end_date`, `movie_name`, `venue_no`, `screening_id`) VALUES (DATE_ADD(CURRENT_TIMESTAMP, INTERVAL 1 MONTH), 'Hot Pursuit', 1, 27);
INSERT INTO `Screening` (`end_date`, `movie_name`, `venue_no`, `screening_id`) VALUES (DATE_ADD(CURRENT_TIMESTAMP, INTERVAL 1 MONTH), 'The Silence of The Sheep', 2, 28);
INSERT INTO `Screening` (`end_date`, `movie_name`, `venue_no`, `screening_id`) VALUES (DATE_ADD(CURRENT_TIMESTAMP, INTERVAL 1 MONTH), 'The Zucchini Half-Hour', 1, 29);
INSERT INTO `Screening` (`end_date`, `movie_name`, `venue_no`, `screening_id`) VALUES (DATE_ADD(CURRENT_TIMESTAMP, INTERVAL 1 MONTH), 'Whom', 2, 30);
INSERT INTO `Screening` (`end_date`, `movie_name`, `venue_no`, `screening_id`) VALUES (DATE_ADD(CURRENT_TIMESTAMP, INTERVAL 1 MONTH), 'Story of My Life', 1, 31);
INSERT INTO `Screening` (`end_date`, `movie_name`, `venue_no`, `screening_id`) VALUES (DATE_ADD(CURRENT_TIMESTAMP, INTERVAL 1 MONTH), 'The Cop-Out', 2, 32);

-- Each screening has been given 6 unique time slots with at least an hour of spacing in between each screening. Now it's up to you to make some tickets!!
INSERT INTO `Screening_Times` (`screening_id`, `screening_time`, `screening_day`) VALUES (1, '08:30', 'Monday');
INSERT INTO `Screening_Times` (`screening_id`, `screening_time`, `screening_day`) VALUES (1, '09:30', 'Tuesday');
INSERT INTO `Screening_Times` (`screening_id`, `screening_time`, `screening_day`) VALUES (1, '10:30', 'Wednesday');
INSERT INTO `Screening_Times` (`screening_id`, `screening_time`, `screening_day`) VALUES (1, '11:30', 'Thursday');
INSERT INTO `Screening_Times` (`screening_id`, `screening_time`, `screening_day`) VALUES (1, '12:30', 'Friday');
INSERT INTO `Screening_Times` (`screening_id`, `screening_time`, `screening_day`) VALUES (1, '13:30', 'Saturday');
INSERT INTO `Screening_Times` (`screening_id`, `screening_time`, `screening_day`) VALUES (2, '08:00', 'Tuesday');
INSERT INTO `Screening_Times` (`screening_id`, `screening_time`, `screening_day`) VALUES (2, '09:00', 'Wednesday');
INSERT INTO `Screening_Times` (`screening_id`, `screening_time`, `screening_day`) VALUES (2, '10:00', 'Thursday');
INSERT INTO `Screening_Times` (`screening_id`, `screening_time`, `screening_day`) VALUES (2, '11:00', 'Friday');
INSERT INTO `Screening_Times` (`screening_id`, `screening_time`, `screening_day`) VALUES (2, '12:00', 'Saturday');
INSERT INTO `Screening_Times` (`screening_id`, `screening_time`, `screening_day`) VALUES (2, '13:00', 'Sunday');
INSERT INTO `Screening_Times` (`screening_id`, `screening_time`, `screening_day`) VALUES (3, '09:30', 'Monday');
INSERT INTO `Screening_Times` (`screening_id`, `screening_time`, `screening_day`) VALUES (3, '10:30', 'Tuesday');
INSERT INTO `Screening_Times` (`screening_id`, `screening_time`, `screening_day`) VALUES (3, '11:30', 'Wednesday');
INSERT INTO `Screening_Times` (`screening_id`, `screening_time`, `screening_day`) VALUES (3, '12:30', 'Thursday');
INSERT INTO `Screening_Times` (`screening_id`, `screening_time`, `screening_day`) VALUES (3, '13:30', 'Friday');
INSERT INTO `Screening_Times` (`screening_id`, `screening_time`, `screening_day`) VALUES (3, '14:30', 'Saturday');
INSERT INTO `Screening_Times` (`screening_id`, `screening_time`, `screening_day`) VALUES (4, '09:00', 'Sunday');
INSERT INTO `Screening_Times` (`screening_id`, `screening_time`, `screening_day`) VALUES (4, '10:00', 'Monday');
INSERT INTO `Screening_Times` (`screening_id`, `screening_time`, `screening_day`) VALUES (4, '11:00', 'Tuesday');
INSERT INTO `Screening_Times` (`screening_id`, `screening_time`, `screening_day`) VALUES (4, '12:00', 'Wednesday');
INSERT INTO `Screening_Times` (`screening_id`, `screening_time`, `screening_day`) VALUES (4, '13:00', 'Thursday');
INSERT INTO `Screening_Times` (`screening_id`, `screening_time`, `screening_day`) VALUES (4, '14:30', 'Friday');
INSERT INTO `Screening_Times` (`screening_id`, `screening_time`, `screening_day`) VALUES (5, '10:30', 'Monday');
INSERT INTO `Screening_Times` (`screening_id`, `screening_time`, `screening_day`) VALUES (5, '11:30', 'Tuesday');
INSERT INTO `Screening_Times` (`screening_id`, `screening_time`, `screening_day`) VALUES (5, '12:30', 'Wednesday');
INSERT INTO `Screening_Times` (`screening_id`, `screening_time`, `screening_day`) VALUES (5, '13:30', 'Thursday');
INSERT INTO `Screening_Times` (`screening_id`, `screening_time`, `screening_day`) VALUES (5, '14:30', 'Friday');
INSERT INTO `Screening_Times` (`screening_id`, `screening_time`, `screening_day`) VALUES (5, '15:30', 'Saturday');
INSERT INTO `Screening_Times` (`screening_id`, `screening_time`, `screening_day`) VALUES (6, '10:00', 'Sunday');
INSERT INTO `Screening_Times` (`screening_id`, `screening_time`, `screening_day`) VALUES (6, '11:00', 'Monday');
INSERT INTO `Screening_Times` (`screening_id`, `screening_time`, `screening_day`) VALUES (6, '12:00', 'Tuesday');
INSERT INTO `Screening_Times` (`screening_id`, `screening_time`, `screening_day`) VALUES (6, '13:00', 'Wednesday');
INSERT INTO `Screening_Times` (`screening_id`, `screening_time`, `screening_day`) VALUES (6, '14:00', 'Thursday');
INSERT INTO `Screening_Times` (`screening_id`, `screening_time`, `screening_day`) VALUES (6, '15:00', 'Friday');
INSERT INTO `Screening_Times` (`screening_id`, `screening_time`, `screening_day`) VALUES (7, '11:30', 'Monday');
INSERT INTO `Screening_Times` (`screening_id`, `screening_time`, `screening_day`) VALUES (7, '12:30', 'Tuesday');
INSERT INTO `Screening_Times` (`screening_id`, `screening_time`, `screening_day`) VALUES (7, '13:30', 'Wednesday');
INSERT INTO `Screening_Times` (`screening_id`, `screening_time`, `screening_day`) VALUES (7, '14:30', 'Thursday');
INSERT INTO `Screening_Times` (`screening_id`, `screening_time`, `screening_day`) VALUES (7, '15:30', 'Friday');
INSERT INTO `Screening_Times` (`screening_id`, `screening_time`, `screening_day`) VALUES (7, '16:30', 'Saturday');
INSERT INTO `Screening_Times` (`screening_id`, `screening_time`, `screening_day`) VALUES (8, '11:00', 'Sunday');
INSERT INTO `Screening_Times` (`screening_id`, `screening_time`, `screening_day`) VALUES (8, '12:00', 'Monday');
INSERT INTO `Screening_Times` (`screening_id`, `screening_time`, `screening_day`) VALUES (8, '13:00', 'Tuesday');
INSERT INTO `Screening_Times` (`screening_id`, `screening_time`, `screening_day`) VALUES (8, '14:00', 'Wednesday');
INSERT INTO `Screening_Times` (`screening_id`, `screening_time`, `screening_day`) VALUES (8, '15:00', 'Thursday');
INSERT INTO `Screening_Times` (`screening_id`, `screening_time`, `screening_day`) VALUES (8, '16:00', 'Friday');
INSERT INTO `Screening_Times` (`screening_id`, `screening_time`, `screening_day`) VALUES (9, '12:30', 'Monday');
INSERT INTO `Screening_Times` (`screening_id`, `screening_time`, `screening_day`) VALUES (9, '13:30', 'Tuesday');
INSERT INTO `Screening_Times` (`screening_id`, `screening_time`, `screening_day`) VALUES (9, '14:30', 'Wednesday');
INSERT INTO `Screening_Times` (`screening_id`, `screening_time`, `screening_day`) VALUES (9, '15:30', 'Thursday');
INSERT INTO `Screening_Times` (`screening_id`, `screening_time`, `screening_day`) VALUES (9, '16:30', 'Friday');
INSERT INTO `Screening_Times` (`screening_id`, `screening_time`, `screening_day`) VALUES (9, '17:30', 'Saturday');
INSERT INTO `Screening_Times` (`screening_id`, `screening_time`, `screening_day`) VALUES (10, '12:00', 'Sunday');
INSERT INTO `Screening_Times` (`screening_id`, `screening_time`, `screening_day`) VALUES (10, '13:00', 'Monday');
INSERT INTO `Screening_Times` (`screening_id`, `screening_time`, `screening_day`) VALUES (10, '14:00', 'Tuesday');
INSERT INTO `Screening_Times` (`screening_id`, `screening_time`, `screening_day`) VALUES (10, '15:00', 'Wednesday');
INSERT INTO `Screening_Times` (`screening_id`, `screening_time`, `screening_day`) VALUES (10, '16:00', 'Thursday');
INSERT INTO `Screening_Times` (`screening_id`, `screening_time`, `screening_day`) VALUES (10, '17:00', 'Friday');
INSERT INTO `Screening_Times` (`screening_id`, `screening_time`, `screening_day`) VALUES (11, '13:30', 'Monday');
INSERT INTO `Screening_Times` (`screening_id`, `screening_time`, `screening_day`) VALUES (11, '14:30', 'Tuesday');
INSERT INTO `Screening_Times` (`screening_id`, `screening_time`, `screening_day`) VALUES (11, '15:30', 'Wednesday');
INSERT INTO `Screening_Times` (`screening_id`, `screening_time`, `screening_day`) VALUES (11, '16:30', 'Thursday');
INSERT INTO `Screening_Times` (`screening_id`, `screening_time`, `screening_day`) VALUES (11, '17:30', 'Friday');
INSERT INTO `Screening_Times` (`screening_id`, `screening_time`, `screening_day`) VALUES (11, '18:30', 'Saturday');
INSERT INTO `Screening_Times` (`screening_id`, `screening_time`, `screening_day`) VALUES (12, '13:00', 'Sunday');
INSERT INTO `Screening_Times` (`screening_id`, `screening_time`, `screening_day`) VALUES (12, '14:00', 'Monday');
INSERT INTO `Screening_Times` (`screening_id`, `screening_time`, `screening_day`) VALUES (12, '15:00', 'Tuesday');
INSERT INTO `Screening_Times` (`screening_id`, `screening_time`, `screening_day`) VALUES (12, '16:00', 'Wednesday');
INSERT INTO `Screening_Times` (`screening_id`, `screening_time`, `screening_day`) VALUES (12, '17:00', 'Thursday');
INSERT INTO `Screening_Times` (`screening_id`, `screening_time`, `screening_day`) VALUES (12, '18:00', 'Friday');
INSERT INTO `Screening_Times` (`screening_id`, `screening_time`, `screening_day`) VALUES (13, '14:30', 'Monday');
INSERT INTO `Screening_Times` (`screening_id`, `screening_time`, `screening_day`) VALUES (13, '15:30', 'Tuesday');
INSERT INTO `Screening_Times` (`screening_id`, `screening_time`, `screening_day`) VALUES (13, '16:30', 'Wednesday');
INSERT INTO `Screening_Times` (`screening_id`, `screening_time`, `screening_day`) VALUES (13, '17:30', 'Thursday');
INSERT INTO `Screening_Times` (`screening_id`, `screening_time`, `screening_day`) VALUES (13, '18:30', 'Friday');
INSERT INTO `Screening_Times` (`screening_id`, `screening_time`, `screening_day`) VALUES (13, '19:30', 'Saturday');
INSERT INTO `Screening_Times` (`screening_id`, `screening_time`, `screening_day`) VALUES (14, '14:00', 'Sunday');
INSERT INTO `Screening_Times` (`screening_id`, `screening_time`, `screening_day`) VALUES (14, '15:00', 'Monday');
INSERT INTO `Screening_Times` (`screening_id`, `screening_time`, `screening_day`) VALUES (14, '16:00', 'Tuesday');
INSERT INTO `Screening_Times` (`screening_id`, `screening_time`, `screening_day`) VALUES (14, '17:00', 'Wednesday');
INSERT INTO `Screening_Times` (`screening_id`, `screening_time`, `screening_day`) VALUES (14, '18:00', 'Thursday');
INSERT INTO `Screening_Times` (`screening_id`, `screening_time`, `screening_day`) VALUES (14, '19:00', 'Friday');
INSERT INTO `Screening_Times` (`screening_id`, `screening_time`, `screening_day`) VALUES (15, '15:30', 'Monday');
INSERT INTO `Screening_Times` (`screening_id`, `screening_time`, `screening_day`) VALUES (15, '16:30', 'Tuesday');
INSERT INTO `Screening_Times` (`screening_id`, `screening_time`, `screening_day`) VALUES (15, '17:30', 'Wednesday');
INSERT INTO `Screening_Times` (`screening_id`, `screening_time`, `screening_day`) VALUES (15, '18:30', 'Thursday');
INSERT INTO `Screening_Times` (`screening_id`, `screening_time`, `screening_day`) VALUES (15, '19:30', 'Friday');
INSERT INTO `Screening_Times` (`screening_id`, `screening_time`, `screening_day`) VALUES (15, '20:30', 'Saturday');
INSERT INTO `Screening_Times` (`screening_id`, `screening_time`, `screening_day`) VALUES (16, '15:00', 'Sunday');
INSERT INTO `Screening_Times` (`screening_id`, `screening_time`, `screening_day`) VALUES (16, '16:00', 'Monday');
INSERT INTO `Screening_Times` (`screening_id`, `screening_time`, `screening_day`) VALUES (16, '17:00', 'Tuesday');
INSERT INTO `Screening_Times` (`screening_id`, `screening_time`, `screening_day`) VALUES (16, '18:00', 'Wednesday');
INSERT INTO `Screening_Times` (`screening_id`, `screening_time`, `screening_day`) VALUES (16, '19:00', 'Thursday');
INSERT INTO `Screening_Times` (`screening_id`, `screening_time`, `screening_day`) VALUES (16, '20:00', 'Friday');
INSERT INTO `Screening_Times` (`screening_id`, `screening_time`, `screening_day`) VALUES (17, '16:30', 'Monday');
INSERT INTO `Screening_Times` (`screening_id`, `screening_time`, `screening_day`) VALUES (17, '17:30', 'Tuesday');
INSERT INTO `Screening_Times` (`screening_id`, `screening_time`, `screening_day`) VALUES (17, '18:30', 'Wednesday');
INSERT INTO `Screening_Times` (`screening_id`, `screening_time`, `screening_day`) VALUES (17, '19:30', 'Thursday');
INSERT INTO `Screening_Times` (`screening_id`, `screening_time`, `screening_day`) VALUES (17, '20:30', 'Friday');
INSERT INTO `Screening_Times` (`screening_id`, `screening_time`, `screening_day`) VALUES (17, '21:30', 'Saturday');
INSERT INTO `Screening_Times` (`screening_id`, `screening_time`, `screening_day`) VALUES (18, '16:00', 'Sunday');
INSERT INTO `Screening_Times` (`screening_id`, `screening_time`, `screening_day`) VALUES (18, '17:00', 'Monday');
INSERT INTO `Screening_Times` (`screening_id`, `screening_time`, `screening_day`) VALUES (18, '18:00', 'Tuesday');
INSERT INTO `Screening_Times` (`screening_id`, `screening_time`, `screening_day`) VALUES (18, '19:00', 'Wednesday');
INSERT INTO `Screening_Times` (`screening_id`, `screening_time`, `screening_day`) VALUES (18, '20:00', 'Thursday');
INSERT INTO `Screening_Times` (`screening_id`, `screening_time`, `screening_day`) VALUES (18, '21:00', 'Friday');
INSERT INTO `Screening_Times` (`screening_id`, `screening_time`, `screening_day`) VALUES (19, '17:30', 'Monday');
INSERT INTO `Screening_Times` (`screening_id`, `screening_time`, `screening_day`) VALUES (19, '18:30', 'Tuesday');
INSERT INTO `Screening_Times` (`screening_id`, `screening_time`, `screening_day`) VALUES (19, '19:30', 'Wednesday');
INSERT INTO `Screening_Times` (`screening_id`, `screening_time`, `screening_day`) VALUES (19, '20:30', 'Thursday');
INSERT INTO `Screening_Times` (`screening_id`, `screening_time`, `screening_day`) VALUES (19, '21:30', 'Friday');
INSERT INTO `Screening_Times` (`screening_id`, `screening_time`, `screening_day`) VALUES (19, '22:30', 'Saturday');
INSERT INTO `Screening_Times` (`screening_id`, `screening_time`, `screening_day`) VALUES (20, '17:00', 'Sunday');
INSERT INTO `Screening_Times` (`screening_id`, `screening_time`, `screening_day`) VALUES (20, '18:00', 'Monday');
INSERT INTO `Screening_Times` (`screening_id`, `screening_time`, `screening_day`) VALUES (20, '19:00', 'Tuesday');
INSERT INTO `Screening_Times` (`screening_id`, `screening_time`, `screening_day`) VALUES (20, '20:00', 'Wednesday');
INSERT INTO `Screening_Times` (`screening_id`, `screening_time`, `screening_day`) VALUES (20, '21:00', 'Thursday');
INSERT INTO `Screening_Times` (`screening_id`, `screening_time`, `screening_day`) VALUES (20, '22:00', 'Friday');
INSERT INTO `Screening_Times` (`screening_id`, `screening_time`, `screening_day`) VALUES (21, '18:30', 'Monday');
INSERT INTO `Screening_Times` (`screening_id`, `screening_time`, `screening_day`) VALUES (21, '19:30', 'Tuesday');
INSERT INTO `Screening_Times` (`screening_id`, `screening_time`, `screening_day`) VALUES (21, '20:30', 'Wednesday');
INSERT INTO `Screening_Times` (`screening_id`, `screening_time`, `screening_day`) VALUES (21, '21:30', 'Thursday');
INSERT INTO `Screening_Times` (`screening_id`, `screening_time`, `screening_day`) VALUES (21, '22:30', 'Friday');
INSERT INTO `Screening_Times` (`screening_id`, `screening_time`, `screening_day`) VALUES (21, '10:30', 'Sunday');
INSERT INTO `Screening_Times` (`screening_id`, `screening_time`, `screening_day`) VALUES (22, '18:00', 'Sunday');
INSERT INTO `Screening_Times` (`screening_id`, `screening_time`, `screening_day`) VALUES (22, '19:00', 'Monday');
INSERT INTO `Screening_Times` (`screening_id`, `screening_time`, `screening_day`) VALUES (22, '20:00', 'Tuesday');
INSERT INTO `Screening_Times` (`screening_id`, `screening_time`, `screening_day`) VALUES (22, '21:00', 'Wednesday');
INSERT INTO `Screening_Times` (`screening_id`, `screening_time`, `screening_day`) VALUES (22, '22:00', 'Thursday');
INSERT INTO `Screening_Times` (`screening_id`, `screening_time`, `screening_day`) VALUES (22, '10:00', 'Friday');
INSERT INTO `Screening_Times` (`screening_id`, `screening_time`, `screening_day`) VALUES (23, '19:30', 'Monday');
INSERT INTO `Screening_Times` (`screening_id`, `screening_time`, `screening_day`) VALUES (23, '20:30', 'Tuesday');
INSERT INTO `Screening_Times` (`screening_id`, `screening_time`, `screening_day`) VALUES (23, '21:30', 'Wednesday');
INSERT INTO `Screening_Times` (`screening_id`, `screening_time`, `screening_day`) VALUES (23, '22:30', 'Thursday');
INSERT INTO `Screening_Times` (`screening_id`, `screening_time`, `screening_day`) VALUES (23, '08:30', 'Saturday');
INSERT INTO `Screening_Times` (`screening_id`, `screening_time`, `screening_day`) VALUES (23, '11:30', 'Sunday');
INSERT INTO `Screening_Times` (`screening_id`, `screening_time`, `screening_day`) VALUES (24, '19:00', 'Sunday');
INSERT INTO `Screening_Times` (`screening_id`, `screening_time`, `screening_day`) VALUES (24, '20:00', 'Monday');
INSERT INTO `Screening_Times` (`screening_id`, `screening_time`, `screening_day`) VALUES (24, '21:00', 'Tuesday');
INSERT INTO `Screening_Times` (`screening_id`, `screening_time`, `screening_day`) VALUES (24, '22:00', 'Wednesday');
INSERT INTO `Screening_Times` (`screening_id`, `screening_time`, `screening_day`) VALUES (24, '08:00', 'Thursday');
INSERT INTO `Screening_Times` (`screening_id`, `screening_time`, `screening_day`) VALUES (24, '11:00', 'Saturday');
INSERT INTO `Screening_Times` (`screening_id`, `screening_time`, `screening_day`) VALUES (25, '20:30', 'Monday');
INSERT INTO `Screening_Times` (`screening_id`, `screening_time`, `screening_day`) VALUES (25, '21:30', 'Tuesday');
INSERT INTO `Screening_Times` (`screening_id`, `screening_time`, `screening_day`) VALUES (25, '22:30', 'Wednesday');
INSERT INTO `Screening_Times` (`screening_id`, `screening_time`, `screening_day`) VALUES (25, '08:30', 'Friday');
INSERT INTO `Screening_Times` (`screening_id`, `screening_time`, `screening_day`) VALUES (25, '09:30', 'Saturday');
INSERT INTO `Screening_Times` (`screening_id`, `screening_time`, `screening_day`) VALUES (25, '12:30', 'Sunday');
INSERT INTO `Screening_Times` (`screening_id`, `screening_time`, `screening_day`) VALUES (26, '20:00', 'Sunday');
INSERT INTO `Screening_Times` (`screening_id`, `screening_time`, `screening_day`) VALUES (26, '21:00', 'Monday');
INSERT INTO `Screening_Times` (`screening_id`, `screening_time`, `screening_day`) VALUES (26, '22:00', 'Tuesday');
INSERT INTO `Screening_Times` (`screening_id`, `screening_time`, `screening_day`) VALUES (26, '08:00', 'Thursday');
INSERT INTO `Screening_Times` (`screening_id`, `screening_time`, `screening_day`) VALUES (26, '09:00', 'Friday');
INSERT INTO `Screening_Times` (`screening_id`, `screening_time`, `screening_day`) VALUES (26, '12:00', 'Saturday');
INSERT INTO `Screening_Times` (`screening_id`, `screening_time`, `screening_day`) VALUES (27, '21:30', 'Monday');
INSERT INTO `Screening_Times` (`screening_id`, `screening_time`, `screening_day`) VALUES (27, '22:30', 'Tuesday');
INSERT INTO `Screening_Times` (`screening_id`, `screening_time`, `screening_day`) VALUES (27, '08:30', 'Thursday');
INSERT INTO `Screening_Times` (`screening_id`, `screening_time`, `screening_day`) VALUES (27, '09:30', 'Friday');
INSERT INTO `Screening_Times` (`screening_id`, `screening_time`, `screening_day`) VALUES (27, '10:30', 'Saturday');
INSERT INTO `Screening_Times` (`screening_id`, `screening_time`, `screening_day`) VALUES (27, '13:30', 'Sunday');
INSERT INTO `Screening_Times` (`screening_id`, `screening_time`, `screening_day`) VALUES (28, '21:00', 'Sunday');
INSERT INTO `Screening_Times` (`screening_id`, `screening_time`, `screening_day`) VALUES (28, '22:00', 'Monday');
INSERT INTO `Screening_Times` (`screening_id`, `screening_time`, `screening_day`) VALUES (28, '08:00', 'Wednesday');
INSERT INTO `Screening_Times` (`screening_id`, `screening_time`, `screening_day`) VALUES (28, '09:00', 'Thursday');
INSERT INTO `Screening_Times` (`screening_id`, `screening_time`, `screening_day`) VALUES (28, '10:00', 'Friday');
INSERT INTO `Screening_Times` (`screening_id`, `screening_time`, `screening_day`) VALUES (28, '13:00', 'Saturday');
INSERT INTO `Screening_Times` (`screening_id`, `screening_time`, `screening_day`) VALUES (29, '22:30', 'Monday');
INSERT INTO `Screening_Times` (`screening_id`, `screening_time`, `screening_day`) VALUES (29, '08:30', 'Wednesday');
INSERT INTO `Screening_Times` (`screening_id`, `screening_time`, `screening_day`) VALUES (29, '09:30', 'Thursday');
INSERT INTO `Screening_Times` (`screening_id`, `screening_time`, `screening_day`) VALUES (29, '10:30', 'Friday');
INSERT INTO `Screening_Times` (`screening_id`, `screening_time`, `screening_day`) VALUES (29, '11:30', 'Saturday');
INSERT INTO `Screening_Times` (`screening_id`, `screening_time`, `screening_day`) VALUES (29, '14:30', 'Sunday');
INSERT INTO `Screening_Times` (`screening_id`, `screening_time`, `screening_day`) VALUES (30, '22:00', 'Sunday');
INSERT INTO `Screening_Times` (`screening_id`, `screening_time`, `screening_day`) VALUES (30, '08:00', 'Tuesday');
INSERT INTO `Screening_Times` (`screening_id`, `screening_time`, `screening_day`) VALUES (30, '09:00', 'Wednesday');
INSERT INTO `Screening_Times` (`screening_id`, `screening_time`, `screening_day`) VALUES (30, '10:00', 'Thursday');
INSERT INTO `Screening_Times` (`screening_id`, `screening_time`, `screening_day`) VALUES (30, '11:00', 'Friday');
INSERT INTO `Screening_Times` (`screening_id`, `screening_time`, `screening_day`) VALUES (30, '14:00', 'Saturday');
INSERT INTO `Screening_Times` (`screening_id`, `screening_time`, `screening_day`) VALUES (31, '08:30', 'Tuesday');
INSERT INTO `Screening_Times` (`screening_id`, `screening_time`, `screening_day`) VALUES (31, '09:30', 'Wednesday');
INSERT INTO `Screening_Times` (`screening_id`, `screening_time`, `screening_day`) VALUES (31, '10:30', 'Thursday');
INSERT INTO `Screening_Times` (`screening_id`, `screening_time`, `screening_day`) VALUES (31, '11:30', 'Friday');
INSERT INTO `Screening_Times` (`screening_id`, `screening_time`, `screening_day`) VALUES (31, '12:30', 'Saturday');
INSERT INTO `Screening_Times` (`screening_id`, `screening_time`, `screening_day`) VALUES (31, '15:30', 'Sunday');
INSERT INTO `Screening_Times` (`screening_id`, `screening_time`, `screening_day`) VALUES (32, '08:00', 'Monday');
INSERT INTO `Screening_Times` (`screening_id`, `screening_time`, `screening_day`) VALUES (32, '09:00', 'Tuesday');
INSERT INTO `Screening_Times` (`screening_id`, `screening_time`, `screening_day`) VALUES (32, '10:00', 'Wednesday');
INSERT INTO `Screening_Times` (`screening_id`, `screening_time`, `screening_day`) VALUES (32, '11:00', 'Thursday');
INSERT INTO `Screening_Times` (`screening_id`, `screening_time`, `screening_day`) VALUES (32, '12:00', 'Friday');
INSERT INTO `Screening_Times` (`screening_id`, `screening_time`, `screening_day`) VALUES (32, '15:00', 'Saturday');